{
  "run_started_at": "2026-04-09T15:31:02",
  "input_size": 9,
  "output_size": 5,
  "batch_size": 64,
  "gamma": 0.99,
  "F": 300,
  "lr": 0.0001,
  "eps_start": 0.9,
  "eps_end": 0.02,
  "eps_decay": 2000,
  "n_episode": 220,
  "total_steps": 59907,
  "run_total_seconds": 1526.371,
  "episodes_completed": 220,
  "mean_episode_reward": -0.663136353132061,
  "mean_episode_duration": 272.30454545454546,
  "mean_episode_elapsed_seconds": 6.917259393181617
}