{
  "run_started_at": "2026-04-09T14:59:04",
  "input_size": 9,
  "output_size": 5,
  "batch_size": 128,
  "gamma": 0.99,
  "F": 300,
  "lr": 0.0001,
  "eps_start": 0.9,
  "eps_end": 0.02,
  "eps_decay": 2000,
  "n_episode": 220,
  "total_steps": 54110,
  "run_total_seconds": 1481.531,
  "episodes_completed": 220,
  "mean_episode_reward": 0.5226363564756784,
  "mean_episode_duration": 245.95454545454547,
  "mean_episode_elapsed_seconds": 6.696155989090734
}