{
    "name": "root",
    "metadata": {
        "timer_format_version": "0.1.0",
        "start_time_seconds": "1775762382",
        "python_version": "3.10.11 (tags/v3.10.11:7d4cc5a, Apr  5 2023, 00:38:17) [MSC v.1929 64 bit (AMD64)]",
        "command_line_arguments": "C:\\Users\\Ajax\\AI_in_games_course\\venv\\Scripts\\mlagents-learn C:\\Users\\Ajax\\AI_in_games_course\\results\\configuration_example.yaml --run-id=my_agent --force",
        "mlagents_version": "1.0.0",
        "mlagents_envs_version": "1.0.0",
        "communication_protocol_version": "1.5.0",
        "pytorch_version": "1.13.1+cu117",
        "numpy_version": "1.23.5",
        "end_time_seconds": "1775762418"
    },
    "total": 36.17448260006495,
    "count": 1,
    "self": 0.005269900197163224,
    "children": {
        "run_training.setup": {
            "total": 0.10545659996569157,
            "count": 1,
            "self": 0.10545659996569157
        },
        "TrainerController.start_learning": {
            "total": 36.06375609990209,
            "count": 1,
            "self": 0.00694759760517627,
            "children": {
                "TrainerController._reset_env": {
                    "total": 19.074542900081724,
                    "count": 1,
                    "self": 19.074542900081724
                },
                "TrainerController.advance": {
                    "total": 16.77641450217925,
                    "count": 419,
                    "self": 0.005678603076376021,
                    "children": {
                        "env_step": {
                            "total": 16.76325549953617,
                            "count": 419,
                            "self": 14.313171899644658,
                            "children": {
                                "SubprocessEnvManager._take_step": {
                                    "total": 2.445973900030367,
                                    "count": 419,
                                    "self": 0.018022099626250565,
                                    "children": {
                                        "TorchPolicy.evaluate": {
                                            "total": 2.4279518004041165,
                                            "count": 419,
                                            "self": 2.4279518004041165
                                        }
                                    }
                                },
                                "workers": {
                                    "total": 0.00410969986114651,
                                    "count": 418,
                                    "self": 0.0,
                                    "children": {
                                        "worker_root": {
                                            "total": 13.54132679849863,
                                            "count": 418,
                                            "is_parallel": true,
                                            "self": 8.211019798065536,
                                            "children": {
                                                "steps_from_proto": {
                                                    "total": 0.0003602999495342374,
                                                    "count": 1,
                                                    "is_parallel": true,
                                                    "self": 0.00016329996287822723,
                                                    "children": {
                                                        "_process_rank_one_or_two_observation": {
                                                            "total": 0.00019699998665601015,
                                                            "count": 4,
                                                            "is_parallel": true,
                                                            "self": 0.00019699998665601015
                                                        }
                                                    }
                                                },
                                                "UnityEnvironment.step": {
                                                    "total": 5.329946700483561,
                                                    "count": 418,
                                                    "is_parallel": true,
                                                    "self": 0.04515159875154495,
                                                    "children": {
                                                        "UnityEnvironment._generate_step_input": {
                                                            "total": 0.05947990040294826,
                                                            "count": 418,
                                                            "is_parallel": true,
                                                            "self": 0.05947990040294826
                                                        },
                                                        "communicator.exchange": {
                                                            "total": 5.091376999509521,
                                                            "count": 418,
                                                            "is_parallel": true,
                                                            "self": 5.091376999509521
                                                        },
                                                        "steps_from_proto": {
                                                            "total": 0.13393820181954652,
                                                            "count": 418,
                                                            "is_parallel": true,
                                                            "self": 0.06339610135182738,
                                                            "children": {
                                                                "_process_rank_one_or_two_observation": {
                                                                    "total": 0.07054210046771914,
                                                                    "count": 1672,
                                                                    "is_parallel": true,
                                                                    "self": 0.07054210046771914
                                                                }
                                                            }
                                                        }
                                                    }
                                                }
                                            }
                                        }
                                    }
                                }
                            }
                        },
                        "trainer_advance": {
                            "total": 0.007480399566702545,
                            "count": 418,
                            "self": 0.0049927993677556515,
                            "children": {
                                "process_trajectory": {
                                    "total": 0.002487600198946893,
                                    "count": 418,
                                    "self": 0.002487600198946893
                                }
                            }
                        }
                    }
                },
                "trainer_threads": {
                    "total": 1.00000761449337e-06,
                    "count": 1,
                    "self": 1.00000761449337e-06
                },
                "TrainerController._save_models": {
                    "total": 0.2058501000283286,
                    "count": 1,
                    "self": 0.017015799996443093,