{
    "name": "root",
    "metadata": {
        "timer_format_version": "0.1.0",
        "start_time_seconds": "1775767376",
        "python_version": "3.10.11 (tags/v3.10.11:7d4cc5a, Apr  5 2023, 00:38:17) [MSC v.1929 64 bit (AMD64)]",
        "command_line_arguments": "C:\\Users\\Ajax\\AI_in_games_course\\venv\\Scripts\\mlagents-learn results/configuration_example.yaml --run-id=my_agent --force",
        "mlagents_version": "1.0.0",
        "mlagents_envs_version": "1.0.0",
        "communication_protocol_version": "1.5.0",
        "pytorch_version": "1.13.1+cu117",
        "numpy_version": "1.23.5",
        "end_time_seconds": "1775767466"
    },
    "total": 90.17864049994387,
    "count": 1,
    "self": 0.0061561999609693885,
    "children": {
        "run_training.setup": {
            "total": 0.06918150000274181,
            "count": 1,
            "self": 0.06918150000274181
        },
        "TrainerController.start_learning": {
            "total": 90.10330279998016,
            "count": 1,
            "self": 0.014984799665398896,
            "children": {
                "TrainerController._reset_env": {
                    "total": 65.98052680003457,
                    "count": 1,
                    "self": 65.98052680003457
                },
                "TrainerController.advance": {
                    "total": 23.89397710026242,
                    "count": 903,
                    "self": 0.012317500775679946,
                    "children": {
                        "env_step": {
                            "total": 23.65304120001383,
                            "count": 903,
                            "self": 17.41285780002363,
                            "children": {
                                "SubprocessEnvManager._take_step": {
                                    "total": 6.230694799683988,
                                    "count": 903,
                                    "self": 0.043361296877264977,
                                    "children": {
                                        "TorchPolicy.evaluate": {
                                            "total": 6.187333502806723,
                                            "count": 903,
                                            "self": 6.187333502806723
                                        }
                                    }
                                },
                                "workers": {
                                    "total": 0.009488600306212902,
                                    "count": 902,
                                    "self": 0.0,
                                    "children": {
                                        "worker_root": {
                                            "total": 27.3245443002088,
                                            "count": 902,
                                            "is_parallel": true,
                                            "self": 10.788000300410204,
                                            "children": {
                                                "steps_from_proto": {
                                                    "total": 0.0015146000077947974,
                                                    "count": 1,
                                                    "is_parallel": true,
                                                    "self": 0.000717200106009841,
                                                    "children": {
                                                        "_process_rank_one_or_two_observation": {
                                                            "total": 0.0007973999017849565,
                                                            "count": 4,
                                                            "is_parallel": true,
                                                            "self": 0.0007973999017849565
                                                        }
                                                    }
                                                },
                                                "UnityEnvironment.step": {
                                                    "total": 16.5350293997908,
                                                    "count": 902,
                                                    "is_parallel": true,
                                                    "self": 0.0892881965264678,
                                                    "children": {
                                                        "UnityEnvironment._generate_step_input": {
                                                            "total": 0.12446770153474063,
                                                            "count": 902,
                                                            "is_parallel": true,
                                                            "self": 0.12446770153474063
                                                        },
                                                        "communicator.exchange": {
                                                            "total": 16.047297801589593,
                                                            "count": 902,
                                                            "is_parallel": true,
                                                            "self": 16.047297801589593
                                                        },
                                                        "steps_from_proto": {
                                                            "total": 0.2739757001399994,
                                                            "count": 902,
                                                            "is_parallel": true,
                                                            "self": 0.13000040187034756,
                                                            "children": {
                                                                "_process_rank_one_or_two_observation": {
                                                                    "total": 0.14397529826965183,
                                                                    "count": 3608,
                                                                    "is_parallel": true,
                                                                    "self": 0.14397529826965183
                                                                }
                                                            }
                                                        }
                                                    }
                                                }
                                            }
                                        }
                                    }
                                }
                            }
                        },
                        "trainer_advance": {
                            "total": 0.22861839947290719,
                            "count": 902,
                            "self": 0.014121697167865932,
                            "children": {
                                "process_trajectory": {
                                    "total": 0.21449670230504125,
                                    "count": 902,
                                    "self": 0.21449670230504125
                                }
                            }
                        }
                    }
                },
                "trainer_threads": {
                    "total": 9.00006853044033e-07,
                    "count": 1,
                    "self": 9.00006853044033e-07
                },
                "TrainerController._save_models": {
                    "total": 0.21381320001091808,
                    "count": 1,
                    "self": 0.021236900007352233,